model,prompt,latency_sec,output_text
distilgpt2,Hello world,1.1812419891357422,"Hello world.
















































"
distilgpt2,Once upon a time,1.1873164176940918,"Once upon a time of war, the United States was the only country in the world to have a military presence. The United States was the only country in the world to have a military presence. The United States was the only country in the world to have a military presence"
distilgpt2,The future of AI is,1.2093303203582764,"The future of AI is not yet clear.













































"
